id, sendok, gelas, garpu, piring
Gambar001.jpg, 1, 1, 1, 1
Gambar002.jpg, 1, 1, 1, 1
Gambar003.jpg, 1, 1, 1, 1
Gambar004.jpg, 1, 1, 1, 1
Gambar005.jpg, 1, 1, 1, 1
Gambar006.jpg, 1, 1, 1, 1
Gambar007.jpg, 1, 1, 1, 1
Gambar008.jpg, 1, 1, 1, 1
Gambar009.jpg, 1, 1, 1, 1
Gambar010.jpg, 1, 1, 1, 1
Gambar011.jpg, 1, 1, 1, 1
Gambar012.jpg, 1, 1, 1, 1
Gambar013.jpg, 1, 1, 1, 1
Gambar014.jpg, 1, 1, 1, 1
Gambar015.jpg, 1, 1, 1, 1
Gambar016.jpg, 1, 1, 1, 1
Gambar017.jpg, 1, 1, 1, 1
Gambar018.jpg, 1, 1, 1, 1
Gambar019.jpg, 1, 1, 1, 1
Gambar020.jpg, 1, 1, 1, 1
Gambar021.jpg, 1, 1, 1, 1
Gambar022.jpg, 1, 1, 1, 1
Gambar023.jpg, 1, 1, 1, 1
Gambar024.jpg, 1, 1, 1, 1
Gambar025.jpg, 1, 1, 1, 1
Gambar026.jpg, 1, 1, 1, 1
Gambar027.jpg, 1, 1, 1, 1
Gambar028.jpg, 1, 1, 1, 1
Gambar029.jpg, 1, 1, 1, 1
Gambar030.jpg, 1, 1, 1, 1
Gambar031.jpg, 1, 1, 1, 1
Gambar032.jpg, 1, 1, 1, 1
Gambar033.jpg, 1, 1, 1, 1
Gambar034.jpg, 1, 1, 1, 1
Gambar035.jpg, 1, 1, 1, 1
Gambar036.jpg, 1, 1, 1, 1
Gambar037.jpg, 1, 1, 1, 1
Gambar038.jpg, 1, 1, 1, 1
Gambar039.jpg, 1, 1, 1, 1
Gambar040.jpg, 1, 1, 1, 1
Gambar041.jpg, 1, 1, 1, 1
Gambar042.jpg, 1, 1, 1, 1
Gambar043.jpg, 1, 1, 1, 1
Gambar044.jpg, 1, 1, 1, 1
Gambar045.jpg, 1, 1, 1, 1
Gambar046.jpg, 1, 1, 1, 1
Gambar047.jpg, 1, 1, 1, 1
Gambar048.jpg, 1, 1, 1, 1
Gambar049.jpg, 1, 1, 1, 1
Gambar050.jpg, 1, 1, 1, 1
Gambar051.jpg, 1, 1, 1, 1
Gambar052.jpg, 1, 1, 1, 1
Gambar053.jpg, 1, 1, 1, 1
Gambar054.jpg, 1, 1, 1, 1
Gambar055.jpg, 1, 1, 1, 1
Gambar056.jpg, 1, 1, 1, 1
Gambar057.jpg, 1, 1, 1, 1
Gambar058.jpg, 1, 1, 1, 1
Gambar059.jpg, 1, 1, 1, 1
Gambar060.jpg, 1, 1, 1, 1
Gambar061.jpg, 1, 1, 1, 1
Gambar062.jpg, 1, 1, 1, 1
Gambar063.jpg, 1, 1, 1, 1
Gambar064.jpg, 1, 1, 1, 1
Gambar065.jpg, 1, 1, 1, 1
Gambar066.jpg, 1, 1, 1, 1
Gambar067.jpg, 1, 1, 1, 1
Gambar068.jpg, 1, 1, 1, 1
Gambar069.jpg, 1, 1, 1, 1
Gambar070.jpg, 1, 1, 1, 1
Gambar071.jpg, 1, 1, 1, 1
Gambar072.jpg, 1, 1, 1, 1
Gambar073.jpg, 1, 1, 1, 1
Gambar074.jpg, 1, 1, 1, 1
Gambar075.jpg, 1, 1, 1, 1
Gambar076.jpg, 1, 1, 1, 1
Gambar077.jpg, 1, 1, 1, 1
Gambar078.jpg, 1, 1, 1, 1
Gambar079.jpg, 1, 1, 1, 1
Gambar080.jpg, 1, 1, 1, 1
Gambar081.jpg, 1, 1, 1, 1
Gambar082.jpg, 1, 1, 1, 1
Gambar083.jpg, 1, 1, 1, 1
Gambar084.jpg, 1, 1, 1, 1
Gambar085.jpg, 1, 1, 1, 1
Gambar086.jpg, 1, 1, 1, 1
Gambar087.jpg, 1, 1, 1, 1
Gambar088.jpg, 1, 1, 1, 1
Gambar089.jpg, 1, 1, 1, 1
Gambar090.jpg, 1, 1, 1, 1
Gambar091.jpg, 1, 1, 1, 1
Gambar092.jpg, 1, 1, 1, 1
Gambar093.jpg, 1, 1, 1, 1
Gambar094.jpg, 1, 1, 1, 1
Gambar095.jpg, 1, 1, 1, 1
Gambar096.jpg, 1, 1, 1, 1
Gambar097.jpg, 1, 1, 1, 1
Gambar098.jpg, 1, 1, 1, 1
Gambar099.jpg, 1, 1, 1, 1
Gambar100.jpg, 1, 1, 1, 1
Gambar101.jpg, 1, 1, 1, 0
Gambar102.jpg, 1, 1, 1, 0
Gambar103.jpg, 1, 1, 1, 0
Gambar104.jpg, 1, 1, 1, 0
Gambar105.jpg, 1, 1, 1, 0
Gambar106.jpg, 1, 1, 1, 0
Gambar107.jpg, 1, 1, 1, 0
Gambar108.jpg, 1, 1, 1, 0
Gambar109.jpg, 1, 1, 1, 0
Gambar110.jpg, 1, 1, 1, 0
Gambar111.jpg, 1, 1, 1, 0
Gambar112.jpg, 1, 1, 1, 0
Gambar113.jpg, 1, 1, 1, 0
Gambar114.jpg, 1, 1, 1, 0
Gambar115.jpg, 1, 1, 1, 0
Gambar116.jpg, 1, 1, 1, 0
Gambar117.jpg, 1, 1, 1, 0
Gambar118.jpg, 1, 1, 1, 0
Gambar119.jpg, 1, 1, 1, 0
Gambar120.jpg, 1, 1, 1, 0
Gambar121.jpg, 1, 1, 1, 0
Gambar122.jpg, 1, 1, 1, 0
Gambar123.jpg, 1, 1, 1, 0
Gambar124.jpg, 1, 1, 1, 0
Gambar125.jpg, 1, 1, 1, 0
Gambar126.jpg, 1, 1, 1, 0
Gambar127.jpg, 1, 1, 1, 0
Gambar128.jpg, 1, 1, 1, 0
Gambar129.jpg, 1, 1, 1, 0
Gambar130.jpg, 1, 1, 1, 0
Gambar131.jpg, 1, 1, 1, 0
Gambar132.jpg, 1, 1, 1, 0
Gambar133.jpg, 1, 1, 1, 0
Gambar134.jpg, 1, 1, 1, 0
Gambar135.jpg, 1, 1, 1, 0
Gambar136.jpg, 1, 1, 1, 0
Gambar137.jpg, 1, 1, 1, 0
Gambar138.jpg, 1, 1, 1, 0
Gambar139.jpg, 1, 1, 1, 0
Gambar140.jpg, 1, 1, 1, 0
Gambar141.jpg, 1, 1, 1, 0
Gambar142.jpg, 1, 1, 1, 0
Gambar143.jpg, 1, 1, 1, 0
Gambar144.jpg, 1, 1, 1, 0
Gambar145.jpg, 1, 1, 1, 0
Gambar146.jpg, 1, 1, 1, 0
Gambar147.jpg, 1, 1, 1, 0
Gambar148.jpg, 1, 1, 1, 0
Gambar149.jpg, 1, 1, 1, 0
Gambar150.jpg, 1, 1, 1, 0
Gambar151.jpg, 1, 1, 1, 0
Gambar152.jpg, 1, 1, 1, 0
Gambar153.jpg, 1, 1, 1, 0
Gambar154.jpg, 1, 1, 1, 0
Gambar155.jpg, 1, 1, 1, 0
Gambar156.jpg, 1, 1, 1, 0
Gambar157.jpg, 1, 1, 1, 0
Gambar158.jpg, 1, 1, 1, 0
Gambar159.jpg, 1, 1, 1, 0
Gambar160.jpg, 1, 1, 1, 0
Gambar161.jpg, 1, 1, 1, 0
Gambar162.jpg, 1, 1, 1, 0
Gambar163.jpg, 1, 1, 1, 0
Gambar164.jpg, 1, 1, 1, 0
Gambar165.jpg, 1, 1, 1, 0
Gambar166.jpg, 1, 1, 1, 0
Gambar167.jpg, 1, 1, 1, 0
Gambar168.jpg, 1, 1, 1, 0
Gambar169.jpg, 1, 1, 1, 0
Gambar170.jpg, 1, 1, 1, 0
Gambar171.jpg, 1, 1, 1, 0
Gambar172.jpg, 1, 1, 1, 0
Gambar173.jpg, 1, 1, 1, 0
Gambar174.jpg, 1, 1, 1, 0
Gambar175.jpg, 1, 1, 1, 0
Gambar176.jpg, 1, 1, 1, 0
Gambar177.jpg, 1, 1, 1, 0
Gambar178.jpg, 1, 1, 1, 0
Gambar179.jpg, 1, 1, 1, 0
Gambar180.jpg, 1, 1, 1, 0
Gambar181.jpg, 1, 1, 1, 0
Gambar182.jpg, 1, 1, 1, 0
Gambar183.jpg, 1, 1, 1, 0
Gambar184.jpg, 1, 1, 1, 0
Gambar185.jpg, 1, 1, 1, 0
Gambar186.jpg, 1, 1, 1, 0
Gambar187.jpg, 1, 1, 1, 0
Gambar188.jpg, 1, 1, 1, 0
Gambar189.jpg, 1, 1, 1, 0
Gambar190.jpg, 1, 1, 1, 0
Gambar191.jpg, 1, 1, 1, 0
Gambar192.jpg, 1, 1, 1, 0
Gambar193.jpg, 1, 1, 1, 0
Gambar194.jpg, 1, 1, 1, 0
Gambar195.jpg, 1, 1, 1, 0
Gambar196.jpg, 1, 1, 1, 0
Gambar197.jpg, 1, 1, 1, 0
Gambar198.jpg, 1, 1, 1, 0
Gambar199.jpg, 1, 1, 1, 0
Gambar200.jpg, 1, 1, 1, 0
Gambar201.jpg, 0, 1, 0, 1
Gambar202.jpg, 0, 1, 0, 1
Gambar203.jpg, 0, 1, 0, 1
Gambar204.jpg, 0, 1, 0, 1
Gambar205.jpg, 0, 1, 0, 1
Gambar206.jpg, 0, 1, 0, 1
Gambar207.jpg, 0, 1, 0, 1
Gambar208.jpg, 0, 1, 0, 1
Gambar209.jpg, 0, 1, 0, 1
Gambar210.jpg, 0, 1, 0, 1
Gambar211.jpg, 0, 1, 0, 1
Gambar212.jpg, 0, 1, 0, 1
Gambar213.jpg, 0, 1, 0, 1
Gambar214.jpg, 0, 1, 0, 1
Gambar215.jpg, 0, 1, 0, 1
Gambar216.jpg, 0, 1, 0, 1
Gambar217.jpg, 0, 1, 0, 1
Gambar218.jpg, 0, 1, 0, 1
Gambar219.jpg, 0, 1, 0, 1
Gambar220.jpg, 0, 1, 0, 1
Gambar221.jpg, 0, 1, 0, 1
Gambar222.jpg, 0, 1, 0, 1
Gambar223.jpg, 0, 1, 0, 1
Gambar224.jpg, 0, 1, 0, 1
Gambar225.jpg, 0, 1, 0, 1
Gambar226.jpg, 0, 1, 0, 1
Gambar227.jpg, 0, 1, 0, 1
Gambar228.jpg, 0, 1, 0, 1
Gambar229.jpg, 0, 1, 0, 1
Gambar230.jpg, 0, 1, 0, 1
Gambar231.jpg, 0, 1, 0, 1
Gambar232.jpg, 0, 1, 0, 1
Gambar233.jpg, 0, 1, 0, 1
Gambar234.jpg, 0, 1, 0, 1
Gambar235.jpg, 0, 1, 0, 1
Gambar236.jpg, 0, 1, 0, 1
Gambar237.jpg, 0, 1, 0, 1
Gambar238.jpg, 0, 1, 0, 1
Gambar239.jpg, 0, 1, 0, 1
Gambar240.jpg, 0, 1, 0, 1
Gambar241.jpg, 0, 1, 0, 1
Gambar242.jpg, 0, 1, 0, 1
Gambar243.jpg, 0, 1, 0, 1
Gambar244.jpg, 0, 1, 0, 1
Gambar245.jpg, 0, 1, 0, 1
Gambar246.jpg, 0, 1, 0, 1
Gambar247.jpg, 0, 1, 0, 1
Gambar248.jpg, 0, 1, 0, 1
Gambar249.jpg, 0, 1, 0, 1
Gambar250.jpg, 0, 1, 0, 1
Gambar251.jpg, 0, 1, 0, 1
Gambar252.jpg, 0, 1, 0, 1
Gambar253.jpg, 0, 1, 0, 1
Gambar254.jpg, 0, 1, 0, 1
Gambar255.jpg, 0, 1, 0, 1
Gambar256.jpg, 0, 1, 0, 1
Gambar257.jpg, 0, 1, 0, 1
Gambar258.jpg, 0, 1, 0, 1
Gambar259.jpg, 0, 1, 0, 1
Gambar260.jpg, 0, 1, 0, 1
Gambar261.jpg, 0, 1, 0, 1
Gambar262.jpg, 0, 1, 0, 1
Gambar263.jpg, 0, 1, 0, 1
Gambar264.jpg, 0, 1, 0, 1
Gambar265.jpg, 0, 1, 0, 1
Gambar266.jpg, 0, 1, 0, 1
Gambar267.jpg, 0, 1, 0, 1
Gambar268.jpg, 0, 1, 0, 1
Gambar269.jpg, 0, 1, 0, 1
Gambar270.jpg, 0, 1, 0, 1
Gambar271.jpg, 0, 1, 0, 1
Gambar272.jpg, 0, 1, 0, 1
Gambar273.jpg, 0, 1, 0, 1
Gambar274.jpg, 0, 1, 0, 1
Gambar275.jpg, 0, 1, 0, 1
Gambar276.jpg, 0, 1, 0, 1
Gambar277.jpg, 0, 1, 0, 1
Gambar278.jpg, 0, 1, 0, 1
Gambar279.jpg, 0, 1, 0, 1
Gambar280.jpg, 0, 1, 0, 1
Gambar281.jpg, 0, 1, 0, 1
Gambar282.jpg, 0, 1, 0, 1
Gambar283.jpg, 0, 1, 0, 1
Gambar284.jpg, 0, 1, 0, 1
Gambar285.jpg, 0, 1, 0, 1
Gambar286.jpg, 0, 1, 0, 1
Gambar287.jpg, 0, 1, 0, 1
Gambar288.jpg, 0, 1, 0, 1
Gambar289.jpg, 0, 1, 0, 1
Gambar290.jpg, 0, 1, 0, 1
Gambar291.jpg, 0, 1, 0, 1
Gambar292.jpg, 0, 1, 0, 1
Gambar293.jpg, 0, 1, 0, 1
Gambar294.jpg, 0, 1, 0, 1
Gambar295.jpg, 0, 1, 0, 1
Gambar296.jpg, 0, 1, 0, 1
Gambar297.jpg, 0, 1, 0, 1
Gambar298.jpg, 0, 1, 0, 1
Gambar299.jpg, 0, 1, 0, 1
Gambar300.jpg, 0, 1, 0, 1
